NodeID,MessagesSent,MessagesReceived,AvgLatency,ConsensusReached
0,6,8,0.000000,1
1,4,17,0.000000,1
2,4,17,0.000000,1
3,4,17,0.000000,1
4,4,17,0.000000,1
5,4,17,0.000000,1
6,4,17,0.000000,1
7,4,17,0.000000,1
