NodeID,MessagesSent,MessagesReceived,AvgLatency,ConsensusReached
0,6,8,0.000000,1
1,4,19,0.000000,1
2,4,19,0.000000,1
3,4,19,0.000000,1
4,4,19,0.000000,1
5,4,19,0.000000,1
6,4,19,0.000000,1
7,4,19,0.000000,1
8,4,19,0.000000,1
9,4,19,0.000000,1
10,4,19,0.000000,1
11,4,19,0.000000,1
12,4,19,0.000000,1
13,4,19,0.000000,1
14,4,19,0.000000,1
15,4,19,0.000000,1
